id,CLASS_LABEL
8001.0,0
8002.0,1
8003.0,0
8004.0,1
8005.0,1
8006.0,1
8007.0,0
8008.0,0
8009.0,0
8010.0,0
8011.0,1
8012.0,1
8013.0,0
8014.0,0
8015.0,1
8016.0,1
8017.0,1
8018.0,0
8019.0,1
8020.0,1
8021.0,0
8022.0,0
8023.0,0
8024.0,0
8025.0,0
8026.0,0
8027.0,0
8028.0,1
8029.0,0
8030.0,1
8031.0,0
8032.0,0
8033.0,1
8034.0,1
8035.0,0
8036.0,0
8037.0,0
8038.0,0
8039.0,1
8040.0,1
8041.0,1
8042.0,1
8043.0,1
8044.0,1
8045.0,1
8046.0,0
8047.0,1
8048.0,1
8049.0,1
8050.0,0
8051.0,1
8052.0,0
8053.0,1
8054.0,0
8055.0,0
8056.0,0
8057.0,0
8058.0,1
8059.0,1
8060.0,1
8061.0,1
8062.0,1
8063.0,0
8064.0,1
8065.0,0
8066.0,1
8067.0,1
8068.0,1
8069.0,0
8070.0,1
8071.0,0
8072.0,0
8073.0,1
8074.0,1
8075.0,0
8076.0,0
8077.0,0
8078.0,1
8079.0,1
8080.0,1
8081.0,1
8082.0,1
8083.0,1
8084.0,1
8085.0,0
8086.0,1
8087.0,1
8088.0,1
8089.0,0
8090.0,0
8091.0,0
8092.0,1
8093.0,0
8094.0,0
8095.0,1
8096.0,1
8097.0,1
8098.0,0
8099.0,0
8100.0,0
8101.0,1
8102.0,1
8103.0,1
8104.0,0
8105.0,1
8106.0,1
8107.0,0
8108.0,1
8109.0,0
8110.0,0
8111.0,1
8112.0,0
8113.0,0
8114.0,0
8115.0,1
8116.0,1
8117.0,1
8118.0,0
8119.0,0
8120.0,0
8121.0,1
8122.0,1
8123.0,0
8124.0,1
8125.0,0
8126.0,0
8127.0,1
8128.0,0
8129.0,0
8130.0,1
8131.0,1
8132.0,0
8133.0,0
8134.0,1
8135.0,1
8136.0,0
8137.0,0
8138.0,1
8139.0,1
8140.0,0
8141.0,0
8142.0,1
8143.0,1
8144.0,0
8145.0,0
8146.0,1
8147.0,1
8148.0,1
8149.0,1
8150.0,1
8151.0,1
8152.0,0
8153.0,1
8154.0,1
8155.0,0
8156.0,1
8157.0,0
8158.0,0
8159.0,1
8160.0,1
8161.0,1
8162.0,1
8163.0,0
8164.0,0
8165.0,0
8166.0,0
8167.0,0
8168.0,0
8169.0,1
8170.0,1
8171.0,1
8172.0,1
8173.0,1
8174.0,1
8175.0,0
8176.0,0
8177.0,0
8178.0,0
8179.0,1
8180.0,1
8181.0,0
8182.0,0
8183.0,1
8184.0,1
8185.0,0
8186.0,1
8187.0,1
8188.0,1
8189.0,1
8190.0,1
8191.0,0
8192.0,0
8193.0,1
8194.0,1
8195.0,1
8196.0,0
8197.0,0
8198.0,0
8199.0,0
8200.0,0
8201.0,1
8202.0,1
8203.0,1
8204.0,0
8205.0,1
8206.0,0
8207.0,0
8208.0,1
8209.0,0
8210.0,0
8211.0,0
8212.0,0
8213.0,0
8214.0,1
8215.0,0
8216.0,0
8217.0,0
8218.0,0
8219.0,1
8220.0,0
8221.0,0
8222.0,1
8223.0,0
8224.0,1
8225.0,0
8226.0,1
8227.0,0
8228.0,0
8229.0,0
8230.0,0
8231.0,0
8232.0,0
8233.0,1
8234.0,1
8235.0,1
8236.0,0
8237.0,1
8238.0,1
8239.0,1
8240.0,0
8241.0,0
8242.0,0
8243.0,1
8244.0,0
8245.0,1
8246.0,1
8247.0,1
8248.0,1
8249.0,0
8250.0,0
8251.0,0
8252.0,1
8253.0,1
8254.0,1
8255.0,1
8256.0,1
8257.0,0
8258.0,0
8259.0,1
8260.0,0
8261.0,0
8262.0,0
8263.0,1
8264.0,1
8265.0,1
8266.0,0
8267.0,1
8268.0,0
8269.0,0
8270.0,0
8271.0,1
8272.0,1
8273.0,0
8274.0,0
8275.0,1
8276.0,1
8277.0,0
8278.0,1
8279.0,1
8280.0,0
8281.0,1
8282.0,1
8283.0,1
8284.0,1
8285.0,0
8286.0,0
8287.0,1
8288.0,0
8289.0,0
8290.0,0
8291.0,1
8292.0,1
8293.0,0
8294.0,0
8295.0,0
8296.0,0
8297.0,0
8298.0,0
8299.0,1
8300.0,0
8301.0,1
8302.0,0
8303.0,0
8304.0,1
8305.0,1
8306.0,1
8307.0,0
8308.0,0
8309.0,1
8310.0,0
8311.0,1
8312.0,1
8313.0,0
8314.0,0
8315.0,1
8316.0,1
8317.0,0
8318.0,1
8319.0,1
8320.0,0
8321.0,1
8322.0,0
8323.0,0
8324.0,1
8325.0,0
8326.0,0
8327.0,0
8328.0,0
8329.0,0
8330.0,0
8331.0,1
8332.0,1
8333.0,0
8334.0,0
8335.0,1
8336.0,0
8337.0,0
8338.0,0
8339.0,1
8340.0,1
8341.0,1
8342.0,0
8343.0,0
8344.0,0
8345.0,0
8346.0,0
8347.0,1
8348.0,1
8349.0,0
8350.0,1
8351.0,0
8352.0,1
8353.0,0
8354.0,0
8355.0,0
8356.0,1
8357.0,0
8358.0,0
8359.0,0
8360.0,0
8361.0,0
8362.0,0
8363.0,0
8364.0,1
8365.0,0
8366.0,1
8367.0,0
8368.0,1
8369.0,1
8370.0,1
8371.0,0
8372.0,0
8373.0,0
8374.0,1
8375.0,1
8376.0,1
8377.0,0
8378.0,0
8379.0,0
8380.0,1
8381.0,1
8382.0,0
8383.0,1
8384.0,0
8385.0,1
8386.0,1
8387.0,1
8388.0,0
8389.0,1
8390.0,1
8391.0,0
8392.0,1
8393.0,1
8394.0,1
8395.0,1
8396.0,0
8397.0,0
8398.0,0
8399.0,0
8400.0,0
8401.0,0
8402.0,0
8403.0,1
8404.0,1
8405.0,1
8406.0,0
8407.0,0
8408.0,1
8409.0,0
8410.0,1
8411.0,0
8412.0,0
8413.0,0
8414.0,1
8415.0,1
8416.0,1
8417.0,0
8418.0,1
8419.0,1
8420.0,0
8421.0,1
8422.0,0
8423.0,0
8424.0,1
8425.0,0
8426.0,0
8427.0,0
8428.0,1
8429.0,1
8430.0,0
8431.0,0
8432.0,1
8433.0,1
8434.0,1
8435.0,0
8436.0,1
8437.0,0
8438.0,0
8439.0,1
8440.0,1
8441.0,0
8442.0,0
8443.0,0
8444.0,1
8445.0,1
8446.0,1
8447.0,0
8448.0,0
8449.0,1
8450.0,1
8451.0,1
8452.0,0
8453.0,1
8454.0,1
8455.0,0
8456.0,0
8457.0,1
8458.0,0
8459.0,1
8460.0,0
8461.0,0
8462.0,0
8463.0,1
8464.0,0
8465.0,0
8466.0,0
8467.0,0
8468.0,1
8469.0,1
8470.0,1
8471.0,0
8472.0,1
8473.0,1
8474.0,0
8475.0,1
8476.0,1
8477.0,0
8478.0,1
8479.0,1
8480.0,1
8481.0,1
8482.0,0
8483.0,0
8484.0,0
8485.0,0
8486.0,0
8487.0,0
8488.0,0
8489.0,0
8490.0,1
8491.0,1
8492.0,0
8493.0,1
8494.0,1
8495.0,0
8496.0,0
8497.0,1
8498.0,0
8499.0,1
8500.0,0
8501.0,0
8502.0,0
8503.0,1
8504.0,0
8505.0,0
8506.0,1
8507.0,1
8508.0,1
8509.0,1
8510.0,1
8511.0,0
8512.0,1
8513.0,0
8514.0,0
8515.0,0
8516.0,1
8517.0,0
8518.0,1
8519.0,1
8520.0,0
8521.0,1
8522.0,1
8523.0,1
8524.0,1
8525.0,1
8526.0,1
8527.0,0
8528.0,1
8529.0,0
8530.0,0
8531.0,0
8532.0,0
8533.0,0
8534.0,0
8535.0,1
8536.0,1
8537.0,1
8538.0,1
8539.0,0
8540.0,1
8541.0,0
8542.0,0
8543.0,1
8544.0,0
8545.0,1
8546.0,0
8547.0,0
8548.0,0
8549.0,1
8550.0,0
8551.0,0
8552.0,1
8553.0,1
8554.0,1
8555.0,0
8556.0,0
8557.0,1
8558.0,0
8559.0,0
8560.0,1
8561.0,1
8562.0,0
8563.0,1
8564.0,1
8565.0,0
8566.0,0
8567.0,0
8568.0,0
8569.0,1
8570.0,0
8571.0,1
8572.0,0
8573.0,0
8574.0,1
8575.0,1
8576.0,1
8577.0,1
8578.0,0
8579.0,0
8580.0,0
8581.0,1
8582.0,1
8583.0,0
8584.0,0
8585.0,0
8586.0,0
8587.0,0
8588.0,1
8589.0,0
8590.0,1
8591.0,1
8592.0,0
8593.0,1
8594.0,0
8595.0,0
8596.0,1
8597.0,1
8598.0,0
8599.0,1
8600.0,1
8601.0,1
8602.0,0
8603.0,1
8604.0,1
8605.0,0
8606.0,1
8607.0,1
8608.0,1
8609.0,0
8610.0,1
8611.0,1
8612.0,0
8613.0,1
8614.0,1
8615.0,1
8616.0,1
8617.0,0
8618.0,1
8619.0,0
8620.0,0
8621.0,1
8622.0,0
8623.0,0
8624.0,1
8625.0,1
8626.0,1
8627.0,1
8628.0,0
8629.0,1
8630.0,0
8631.0,0
8632.0,1
8633.0,0
8634.0,1
8635.0,1
8636.0,0
8637.0,0
8638.0,1
8639.0,0
8640.0,1
8641.0,0
8642.0,1
8643.0,0
8644.0,0
8645.0,0
8646.0,1
8647.0,0
8648.0,1
8649.0,1
8650.0,1
8651.0,0
8652.0,1
8653.0,0
8654.0,1
8655.0,1
8656.0,0
8657.0,0
8658.0,1
8659.0,1
8660.0,1
8661.0,0
8662.0,1
8663.0,0
8664.0,0
8665.0,0
8666.0,0
8667.0,0
8668.0,0
8669.0,1
8670.0,0
8671.0,1
8672.0,1
8673.0,0
8674.0,0
8675.0,0
8676.0,1
8677.0,0
8678.0,1
8679.0,0
8680.0,0
8681.0,0
8682.0,1
8683.0,0
8684.0,0
8685.0,1
8686.0,0
8687.0,0
8688.0,1
8689.0,0
8690.0,0
8691.0,1
8692.0,0
8693.0,1
8694.0,1
8695.0,1
8696.0,1
8697.0,0
8698.0,0
8699.0,1
8700.0,1
8701.0,0
8702.0,1
8703.0,0
8704.0,1
8705.0,1
8706.0,1
8707.0,1
8708.0,1
8709.0,0
8710.0,0
8711.0,0
8712.0,1
8713.0,1
8714.0,0
8715.0,1
8716.0,1
8717.0,0
8718.0,1
8719.0,1
8720.0,1
8721.0,1
8722.0,0
8723.0,1
8724.0,1
8725.0,1
8726.0,1
8727.0,1
8728.0,0
8729.0,0
8730.0,1
8731.0,1
8732.0,1
8733.0,0
8734.0,0
8735.0,0
8736.0,0
8737.0,0
8738.0,0
8739.0,0
8740.0,1
8741.0,0
8742.0,0
8743.0,1
8744.0,1
8745.0,0
8746.0,1
8747.0,0
8748.0,1
8749.0,1
8750.0,0
8751.0,0
8752.0,0
8753.0,1
8754.0,0
8755.0,0
8756.0,1
8757.0,1
8758.0,1
8759.0,0
8760.0,1
8761.0,1
8762.0,0
8763.0,1
8764.0,0
8765.0,0
8766.0,0
8767.0,0
8768.0,1
8769.0,0
8770.0,1
8771.0,0
8772.0,1
8773.0,0
8774.0,1
8775.0,1
8776.0,0
8777.0,1
8778.0,0
8779.0,0
8780.0,0
8781.0,0
8782.0,1
8783.0,0
8784.0,0
8785.0,1
8786.0,1
8787.0,0
8788.0,1
8789.0,0
8790.0,0
8791.0,0
8792.0,0
8793.0,0
8794.0,1
8795.0,1
8796.0,1
8797.0,1
8798.0,0
8799.0,1
8800.0,1
8801.0,1
8802.0,1
8803.0,1
8804.0,0
8805.0,0
8806.0,0
8807.0,1
8808.0,0
8809.0,1
8810.0,1
8811.0,1
8812.0,0
8813.0,0
8814.0,0
8815.0,0
8816.0,1
8817.0,0
8818.0,0
8819.0,0
8820.0,0
8821.0,0
8822.0,1
8823.0,1
8824.0,0
8825.0,0
8826.0,0
8827.0,0
8828.0,0
8829.0,0
8830.0,1
8831.0,1
8832.0,1
8833.0,1
8834.0,0
8835.0,0
8836.0,1
8837.0,0
8838.0,1
8839.0,1
8840.0,1
8841.0,0
8842.0,0
8843.0,0
8844.0,0
8845.0,1
8846.0,0
8847.0,1
8848.0,1
8849.0,1
8850.0,1
8851.0,1
8852.0,1
8853.0,0
8854.0,0
8855.0,1
8856.0,1
8857.0,0
8858.0,1
8859.0,1
8860.0,0
8861.0,0
8862.0,1
8863.0,1
8864.0,0
8865.0,1
8866.0,1
8867.0,1
8868.0,1
8869.0,0
8870.0,0
8871.0,0
8872.0,1
8873.0,0
8874.0,0
8875.0,0
8876.0,1
8877.0,1
8878.0,1
8879.0,1
8880.0,1
8881.0,0
8882.0,1
8883.0,0
8884.0,1
8885.0,1
8886.0,1
8887.0,1
8888.0,0
8889.0,1
8890.0,0
8891.0,0
8892.0,1
8893.0,1
8894.0,0
8895.0,0
8896.0,0
8897.0,0
8898.0,0
8899.0,1
8900.0,0
8901.0,0
8902.0,0
8903.0,1
8904.0,0
8905.0,0
8906.0,1
8907.0,0
8908.0,0
8909.0,0
8910.0,0
8911.0,1
8912.0,0
8913.0,0
8914.0,1
8915.0,0
8916.0,1
8917.0,0
8918.0,0
8919.0,0
8920.0,0
8921.0,1
8922.0,1
8923.0,0
8924.0,1
8925.0,1
8926.0,0
8927.0,0
8928.0,0
8929.0,1
8930.0,0
8931.0,0
8932.0,1
8933.0,1
8934.0,1
8935.0,0
8936.0,1
8937.0,1
8938.0,0
8939.0,0
8940.0,1
8941.0,0
8942.0,0
8943.0,0
8944.0,0
8945.0,1
8946.0,1
8947.0,1
8948.0,1
8949.0,1
8950.0,1
8951.0,0
8952.0,1
8953.0,0
8954.0,1
8955.0,1
8956.0,1
8957.0,1
8958.0,0
8959.0,0
8960.0,0
8961.0,0
8962.0,0
8963.0,1
8964.0,0
8965.0,1
8966.0,1
8967.0,1
8968.0,1
8969.0,1
8970.0,1
8971.0,1
8972.0,0
8973.0,0
8974.0,0
8975.0,0
8976.0,1
8977.0,0
8978.0,0
8979.0,1
8980.0,1
8981.0,1
8982.0,0
8983.0,0
8984.0,1
8985.0,1
8986.0,0
8987.0,1
8988.0,0
8989.0,0
8990.0,0
8991.0,1
8992.0,0
8993.0,1
8994.0,0
8995.0,0
8996.0,1
8997.0,1
8998.0,0
8999.0,0
9000.0,1
9001.0,0
9002.0,0
9003.0,1
9004.0,0
9005.0,0
9006.0,1
9007.0,0
9008.0,1
9009.0,0
9010.0,1
9011.0,0
9012.0,1
9013.0,0
9014.0,0
9015.0,0
9016.0,0
9017.0,0
9018.0,1
9019.0,1
9020.0,1
9021.0,1
9022.0,1
9023.0,1
9024.0,1
9025.0,0
9026.0,1
9027.0,1
9028.0,0
9029.0,1
9030.0,0
9031.0,0
9032.0,0
9033.0,0
9034.0,0
9035.0,0
9036.0,1
9037.0,1
9038.0,1
9039.0,1
9040.0,0
9041.0,1
9042.0,0
9043.0,0
9044.0,1
9045.0,1
9046.0,0
9047.0,1
9048.0,1
9049.0,1
9050.0,0
9051.0,1
9052.0,0
9053.0,1
9054.0,0
9055.0,0
9056.0,1
9057.0,1
9058.0,1
9059.0,1
9060.0,0
9061.0,0
9062.0,0
9063.0,1
9064.0,0
9065.0,0
9066.0,1
9067.0,0
9068.0,0
9069.0,0
9070.0,0
9071.0,1
9072.0,0
9073.0,0
9074.0,0
9075.0,0
9076.0,1
9077.0,1
9078.0,1
9079.0,1
9080.0,0
9081.0,0
9082.0,0
9083.0,1
9084.0,1
9085.0,0
9086.0,1
9087.0,1
9088.0,1
9089.0,0
9090.0,0
9091.0,0
9092.0,0
9093.0,1
9094.0,1
9095.0,0
9096.0,0
9097.0,1
9098.0,1
9099.0,1
9100.0,0
9101.0,0
9102.0,0
9103.0,1
9104.0,0
9105.0,1
9106.0,1
9107.0,1
9108.0,1
9109.0,1
9110.0,1
9111.0,1
9112.0,1
9113.0,0
9114.0,1
9115.0,0
9116.0,0
9117.0,1
9118.0,0
9119.0,0
9120.0,0
9121.0,1
9122.0,1
9123.0,1
9124.0,1
9125.0,1
9126.0,1
9127.0,1
9128.0,1
9129.0,1
9130.0,1
9131.0,0
9132.0,0
9133.0,1
9134.0,0
9135.0,1
9136.0,0
9137.0,1
9138.0,0
9139.0,0
9140.0,0
9141.0,1
9142.0,0
9143.0,1
9144.0,1
9145.0,0
9146.0,1
9147.0,0
9148.0,1
9149.0,0
9150.0,0
9151.0,0
9152.0,0
9153.0,0
9154.0,1
9155.0,0
9156.0,1
9157.0,1
9158.0,0
9159.0,0
9160.0,0
9161.0,1
9162.0,0
9163.0,1
9164.0,0
9165.0,0
9166.0,1
9167.0,1
9168.0,0
9169.0,0
9170.0,1
9171.0,0
9172.0,0
9173.0,0
9174.0,0
9175.0,1
9176.0,0
9177.0,0
9178.0,1
9179.0,0
9180.0,1
9181.0,0
9182.0,0
9183.0,0
9184.0,0
9185.0,1
9186.0,1
9187.0,1
9188.0,0
9189.0,1
9190.0,1
9191.0,0
9192.0,0
9193.0,0
9194.0,0
9195.0,1
9196.0,1
9197.0,1
9198.0,1
9199.0,1
9200.0,0
9201.0,1
9202.0,1
9203.0,1
9204.0,0
9205.0,0
9206.0,1
9207.0,1
9208.0,0
9209.0,0
9210.0,0
9211.0,1
9212.0,0
9213.0,0
9214.0,0
9215.0,1
9216.0,1
9217.0,0
9218.0,0
9219.0,1
9220.0,1
9221.0,1
9222.0,0
9223.0,0
9224.0,0
9225.0,0
9226.0,0
9227.0,1
9228.0,1
9229.0,1
9230.0,1
9231.0,1
9232.0,1
9233.0,0
9234.0,0
9235.0,0
9236.0,1
9237.0,1
9238.0,0
9239.0,1
9240.0,1
9241.0,1
9242.0,0
9243.0,0
9244.0,1
9245.0,1
9246.0,1
9247.0,0
9248.0,1
9249.0,0
9250.0,1
9251.0,0
9252.0,1
9253.0,0
9254.0,0
9255.0,0
9256.0,0
9257.0,0
9258.0,0
9259.0,1
9260.0,1
9261.0,1
9262.0,1
9263.0,1
9264.0,0
9265.0,0
9266.0,1
9267.0,0
9268.0,1
9269.0,1
9270.0,0
9271.0,1
9272.0,1
9273.0,0
9274.0,0
9275.0,1
9276.0,1
9277.0,0
9278.0,0
9279.0,1
9280.0,0
9281.0,1
9282.0,1
9283.0,1
9284.0,1
9285.0,0
9286.0,1
9287.0,1
9288.0,0
9289.0,0
9290.0,0
9291.0,1
9292.0,0
9293.0,1
9294.0,1
9295.0,0
9296.0,0
9297.0,1
9298.0,1
9299.0,0
9300.0,0
9301.0,1
9302.0,1
9303.0,0
9304.0,1
9305.0,0
9306.0,0
9307.0,1
9308.0,1
9309.0,0
9310.0,1
9311.0,0
9312.0,0
9313.0,1
9314.0,0
9315.0,0
9316.0,0
9317.0,1
9318.0,0
9319.0,0
9320.0,0
9321.0,1
9322.0,0
9323.0,0
9324.0,0
9325.0,1
9326.0,0
9327.0,1
9328.0,1
9329.0,1
9330.0,1
9331.0,1
9332.0,1
9333.0,1
9334.0,1
9335.0,0
9336.0,1
9337.0,1
9338.0,1
9339.0,0
9340.0,1
9341.0,1
9342.0,0
9343.0,0
9344.0,1
9345.0,0
9346.0,1
9347.0,1
9348.0,1
9349.0,1
9350.0,0
9351.0,0
9352.0,1
9353.0,0
9354.0,1
9355.0,1
9356.0,1
9357.0,1
9358.0,0
9359.0,0
9360.0,1
9361.0,1
9362.0,1
9363.0,0
9364.0,1
9365.0,1
9366.0,0
9367.0,0
9368.0,0
9369.0,0
9370.0,0
9371.0,1
9372.0,0
9373.0,0
9374.0,1
9375.0,0
9376.0,0
9377.0,0
9378.0,1
9379.0,1
9380.0,1
9381.0,1
9382.0,1
9383.0,1
9384.0,1
9385.0,1
9386.0,0
9387.0,0
9388.0,1
9389.0,1
9390.0,1
9391.0,0
9392.0,0
9393.0,1
9394.0,1
9395.0,0
9396.0,1
9397.0,0
9398.0,1
9399.0,1
9400.0,0
9401.0,0
9402.0,0
9403.0,0
9404.0,0
9405.0,1
9406.0,1
9407.0,1
9408.0,0
9409.0,0
9410.0,1
9411.0,1
9412.0,1
9413.0,0
9414.0,1
9415.0,1
9416.0,1
9417.0,0
9418.0,1
9419.0,1
9420.0,0
9421.0,0
9422.0,1
9423.0,1
9424.0,1
9425.0,0
9426.0,1
9427.0,1
9428.0,1
9429.0,0
9430.0,1
9431.0,1
9432.0,1
9433.0,0
9434.0,0
9435.0,1
9436.0,1
9437.0,1
9438.0,1
9439.0,0
9440.0,0
9441.0,0
9442.0,1
9443.0,1
9444.0,1
9445.0,0
9446.0,0
9447.0,0
9448.0,1
9449.0,1
9450.0,1
9451.0,1
9452.0,1
9453.0,1
9454.0,0
9455.0,1
9456.0,0
9457.0,0
9458.0,0
9459.0,0
9460.0,0
9461.0,1
9462.0,1
9463.0,1
9464.0,1
9465.0,0
9466.0,1
9467.0,0
9468.0,0
9469.0,1
9470.0,0
9471.0,0
9472.0,0
9473.0,1
9474.0,0
9475.0,0
9476.0,0
9477.0,1
9478.0,1
9479.0,0
9480.0,1
9481.0,0
9482.0,0
9483.0,1
9484.0,1
9485.0,1
9486.0,0
9487.0,1
9488.0,1
9489.0,1
9490.0,0
9491.0,0
9492.0,1
9493.0,1
9494.0,0
9495.0,0
9496.0,0
9497.0,0
9498.0,1
9499.0,0
9500.0,1
9501.0,0
9502.0,1
9503.0,0
9504.0,1
9505.0,1
9506.0,0
9507.0,1
9508.0,0
9509.0,1
9510.0,0
9511.0,0
9512.0,0
9513.0,1
9514.0,0
9515.0,1
9516.0,1
9517.0,1
9518.0,0
9519.0,1
9520.0,0
9521.0,0
9522.0,0
9523.0,0
9524.0,1
9525.0,0
9526.0,1
9527.0,1
9528.0,1
9529.0,1
9530.0,0
9531.0,0
9532.0,0
9533.0,1
9534.0,0
9535.0,1
9536.0,0
9537.0,0
9538.0,0
9539.0,1
9540.0,0
9541.0,1
9542.0,0
9543.0,0
9544.0,1
9545.0,1
9546.0,1
9547.0,0
9548.0,0
9549.0,1
9550.0,1
9551.0,0
9552.0,1
9553.0,0
9554.0,0
9555.0,1
9556.0,0
9557.0,1
9558.0,0
9559.0,0
9560.0,1
9561.0,1
9562.0,0
9563.0,0
9564.0,1
9565.0,0
9566.0,1
9567.0,0
9568.0,1
9569.0,0
9570.0,0
9571.0,1
9572.0,0
9573.0,0
9574.0,0
9575.0,0
9576.0,0
9577.0,1
9578.0,1
9579.0,1
9580.0,1
9581.0,1
9582.0,1
9583.0,1
9584.0,0
9585.0,1
9586.0,0
9587.0,0
9588.0,1
9589.0,0
9590.0,0
9591.0,0
9592.0,1
9593.0,1
9594.0,0
9595.0,0
9596.0,0
9597.0,0
9598.0,1
9599.0,1
9600.0,0
9601.0,1
9602.0,1
9603.0,1
9604.0,0
9605.0,1
9606.0,1
9607.0,0
9608.0,0
9609.0,1
9610.0,0
9611.0,1
9612.0,1
9613.0,0
9614.0,1
9615.0,1
9616.0,0
9617.0,1
9618.0,1
9619.0,0
9620.0,0
9621.0,0
9622.0,1
9623.0,0
9624.0,0
9625.0,1
9626.0,1
9627.0,0
9628.0,1
9629.0,0
9630.0,1
9631.0,0
9632.0,1
9633.0,0
9634.0,1
9635.0,1
9636.0,1
9637.0,1
9638.0,1
9639.0,0
9640.0,1
9641.0,0
9642.0,0
9643.0,1
9644.0,0
9645.0,0
9646.0,0
9647.0,1
9648.0,0
9649.0,0
9650.0,0
9651.0,1
9652.0,1
9653.0,1
9654.0,1
9655.0,1
9656.0,0
9657.0,1
9658.0,0
9659.0,1
9660.0,0
9661.0,1
9662.0,0
9663.0,0
9664.0,0
9665.0,0
9666.0,1
9667.0,1
9668.0,1
9669.0,0
9670.0,0
9671.0,1
9672.0,1
9673.0,1
9674.0,0
9675.0,0
9676.0,0
9677.0,0
9678.0,0
9679.0,0
9680.0,1
9681.0,0
9682.0,0
9683.0,1
9684.0,1
9685.0,0
9686.0,0
9687.0,1
9688.0,1
9689.0,0
9690.0,1
9691.0,1
9692.0,1
9693.0,0
9694.0,0
9695.0,1
9696.0,1
9697.0,0
9698.0,0
9699.0,0
9700.0,1
9701.0,0
9702.0,1
9703.0,0
9704.0,0
9705.0,0
9706.0,0
9707.0,0
9708.0,1
9709.0,1
9710.0,0
9711.0,0
9712.0,1
9713.0,0
9714.0,1
9715.0,0
9716.0,0
9717.0,0
9718.0,0
9719.0,0
9720.0,1
9721.0,1
9722.0,0
9723.0,0
9724.0,1
9725.0,1
9726.0,1
9727.0,1
9728.0,1
9729.0,0
9730.0,1
9731.0,0
9732.0,0
9733.0,0
9734.0,0
9735.0,1
9736.0,1
9737.0,0
9738.0,0
9739.0,1
9740.0,1
9741.0,0
9742.0,1
9743.0,1
9744.0,1
9745.0,0
9746.0,0
9747.0,0
9748.0,1
9749.0,0
9750.0,1
9751.0,1
9752.0,0
9753.0,0
9754.0,1
9755.0,1
9756.0,1
9757.0,1
9758.0,0
9759.0,0
9760.0,0
9761.0,1
9762.0,1
9763.0,0
9764.0,0
9765.0,0
9766.0,0
9767.0,1
9768.0,1
9769.0,0
9770.0,1
9771.0,0
9772.0,0
9773.0,0
9774.0,0
9775.0,1
9776.0,0
9777.0,0
9778.0,1
9779.0,1
9780.0,1
9781.0,0
9782.0,0
9783.0,1
9784.0,0
9785.0,1
9786.0,0
9787.0,0
9788.0,0
9789.0,0
9790.0,0
9791.0,0
9792.0,1
9793.0,1
9794.0,1
9795.0,0
9796.0,1
9797.0,0
9798.0,0
9799.0,0
9800.0,1
9801.0,0
9802.0,1
9803.0,1
9804.0,1
9805.0,1
9806.0,1
9807.0,1
9808.0,0
9809.0,0
9810.0,0
9811.0,1
9812.0,0
9813.0,1
9814.0,0
9815.0,0
9816.0,0
9817.0,0
9818.0,1
9819.0,1
9820.0,0
9821.0,0
9822.0,0
9823.0,0
9824.0,1
9825.0,0
9826.0,1
9827.0,1
9828.0,1
9829.0,0
9830.0,0
9831.0,0
9832.0,1
9833.0,1
9834.0,1
9835.0,0
9836.0,1
9837.0,1
9838.0,0
9839.0,0
9840.0,0
9841.0,1
9842.0,1
9843.0,1
9844.0,0
9845.0,0
9846.0,1
9847.0,0
9848.0,0
9849.0,1
9850.0,0
9851.0,1
9852.0,1
9853.0,0
9854.0,0
9855.0,0
9856.0,0
9857.0,0
9858.0,1
9859.0,1
9860.0,1
9861.0,1
9862.0,1
9863.0,1
9864.0,0
9865.0,1
9866.0,1
9867.0,0
9868.0,0
9869.0,1
9870.0,0
9871.0,0
9872.0,0
9873.0,1
9874.0,1
9875.0,0
9876.0,1
9877.0,0
9878.0,0
9879.0,1
9880.0,1
9881.0,1
9882.0,1
9883.0,1
9884.0,0
9885.0,1
9886.0,0
9887.0,1
9888.0,1
9889.0,0
9890.0,0
9891.0,0
9892.0,1
9893.0,0
9894.0,1
9895.0,1
9896.0,0
9897.0,1
9898.0,1
9899.0,1
9900.0,1
9901.0,0
9902.0,0
9903.0,0
9904.0,0
9905.0,1
9906.0,0
9907.0,0
9908.0,0
9909.0,1
9910.0,1
9911.0,1
9912.0,1
9913.0,0
9914.0,0
9915.0,0
9916.0,1
9917.0,1
9918.0,0
9919.0,0
9920.0,1
9921.0,1
9922.0,0
9923.0,0
9924.0,0
9925.0,0
9926.0,0
9927.0,0
9928.0,0
9929.0,1
9930.0,0
9931.0,0
9932.0,1
9933.0,1
9934.0,0
9935.0,0
9936.0,1
9937.0,1
9938.0,0
9939.0,0
9940.0,1
9941.0,1
9942.0,1
9943.0,1
9944.0,1
9945.0,1
9946.0,0
9947.0,1
9948.0,1
9949.0,1
9950.0,0
9951.0,0
9952.0,0
9953.0,0
9954.0,1
9955.0,0
9956.0,0
9957.0,0
9958.0,1
9959.0,1
9960.0,1
9961.0,0
9962.0,0
9963.0,0
9964.0,0
9965.0,0
9966.0,1
9967.0,0
9968.0,0
9969.0,0
9970.0,1
9971.0,0
9972.0,0
9973.0,0
9974.0,1
9975.0,0
9976.0,0
9977.0,0
9978.0,0
9979.0,1
9980.0,0
9981.0,0
9982.0,0
9983.0,0
9984.0,1
9985.0,0
9986.0,1
9987.0,1
9988.0,1
9989.0,1
9990.0,1
9991.0,1
9992.0,0
9993.0,1
9994.0,1
9995.0,0
9996.0,0
9997.0,0
9998.0,1
9999.0,1
10000.0,0
